{
  "type": "minecraft:crafting_shaped",
  "pattern": [
    "ANA",
    "CMD",
    "EEE"
  ],
  "key": {
    "E": {
      "tag": "forge:ender_pearls"
    },
    "C": {
      "item": "refinedstorage:construction_core"
    },
    "M": {
      "item": "industrialforegoing:machine_frame_advanced"
    },
    "D": {
      "item": "refinedstorage:destruction_core"
    },
    "A": {
      "item": "refinedstorage:advanced_processor"
    },
    "N": {
      "item": "minecraft:netherite_ingot"
    }
  },
  "result": {
    "item": "refinedstorage:network_receiver"
  }
}