{
  "type": "industrialforegoing:dissolution_chamber",
  "input": [
    {
      "item": "minecraft:diamond_block"
    },
    {
      "item": "minecraft:trident"
    },
    {
      "item": "minecraft:diamond_block"
    },
    {
      "item": "minecraft:diamond_hoe"
    },
    {
      "item": "industrialforegoing:range_addon11"
    },
    {
      "item": "ad_astra:ostrum_plate"
    },
    {
      "item": "ad_astra:ostrum_plate"
    },
    {
      "item": "ad_astra:ostrum_plate"
    }
  ],
  "inputFluid": "{Amount:2000,FluidName:\"industrialforegoing:pink_slime\"}",
  "output": {
    "count": 1,
    "item": "industrialforegoing:infinity_trident",
    "nbt": "{CanCharge:1b,Channeling:0b,Energy:0L,Fluid:{Amount:0,FluidName:\"biofuel\"},Loyalty:0,Riptide:0,Selected:\"POOR\",Special:0b}"
  },
  "processingTime": 400
}