{
  "type": "industrialforegoing:dissolution_chamber",
  "input": [
    {
      "item": "ad_astra:desh_plate"
    },
    {
      "tag": "industrialforegoing:machine_frame/pity"
    },
    {
      "item": "ad_astra:desh_plate"
    },
    {
      "item": "immersiveengineering:rs_engineering"
    },
    {
      "item": "immersiveengineering:heavy_engineering"
    },
    {
      "item": "ad_astra:desh_plate"
    },
    {
      "tag": "forge:gears/gold"
    },
    {
      "item": "ad_astra:desh_plate"
    }
  ],
  "inputFluid": "{Amount:500,FluidName:\"industrialforegoing:pink_slime\"}",
  "output": {
    "count": 1,
    "item": "industrialforegoing:machine_frame_simple"
  },
  "processingTime": 300
}