{
  "type": "industrialforegoing:dissolution_chamber",
  "input": [
    {
      "item": "ad_astra:calorite_plate"
    },
    {
      "tag": "industrialforegoing:machine_frame/advanced"
    },
    {
      "item": "ad_astra:calorite_plate"
    },
    {
      "item": "minecraft:netherite_ingot"
    },
    {
      "item": "minecraft:netherite_ingot"
    },
    {
      "item": "ad_astra:calorite_plate"
    },
    {
      "tag": "forge:gears/diamond"
    },
    {
      "item": "ad_astra:calorite_plate"
    }
  ],
  "inputFluid": "{Amount:135,FluidName:\"industrialforegoing:ether_gas\"}",
  "output": {
    "count": 1,
    "item": "industrialforegoing:machine_frame_supreme"
  },
  "processingTime": 300
}