{
  "temperature": 0.6,
  "downfall": 0,
  "has_precipitation": false,
  "effects": {
    "sky_color": 0,
    "fog_color": 0,
    "water_color": 4159204,
    "water_fog_color": 329011,
    "mood_sound": {
      "sound": "minecraft:ambient.cave",
      "tick_delay": 6000,
      "block_search_extent": 8,
      "offset": 2
    }
  },
  "spawners": {
    "monster": [
      {
        "type": "minecraft:spider",
        "weight": 100,
        "minCount": 4,
        "maxCount": 4
      },
      {
        "type": "minecraft:zombie",
        "weight": 95,
        "minCount": 4,
        "maxCount": 4
      },
      {
        "type": "minecraft:zombie_villager",
        "weight": 5,
        "minCount": 1,
        "maxCount": 1
      },
      {
        "type": "minecraft:skeleton",
        "weight": 100,
        "minCount": 4,
        "maxCount": 4
      },
      {
        "type": "minecraft:creeper",
        "weight": 100,
        "minCount": 4,
        "maxCount": 4
      },
	  {
        "type": "minecraft:husk",
        "weight": 80,
        "minCount": 1,
        "maxCount": 2
      },
	  {
        "type": "minecraft:stray",
        "weight": 85,
        "minCount": 1,
        "maxCount": 2
      },
	  {
        "type": "monsterplus:glow_skeleton",
        "weight": 50,
        "minCount": 1,
        "maxCount": 1
      },
      {
        "type": "minecraft:slime",
        "weight": 100,
        "minCount": 4,
        "maxCount": 4
      },
      {
        "type": "minecraft:enderman",
        "weight": 10,
        "minCount": 1,
        "maxCount": 4
      },
      {
        "type": "minecraft:witch",
        "weight": 5,
        "minCount": 1,
        "maxCount": 1
      }
    ],
    "creature": [],
    "ambient": [
      {
        "type": "minecraft:bat",
        "weight": 10,
        "minCount": 8,
        "maxCount": 8
      },
	  {
        "type": "naturalist:lizard_spawn_egg",
        "weight": 10,
        "minCount": 1,
        "maxCount": 1
      },
	  {
        "type": "quark:stoneling_spawn_egg",
        "weight": 3,
        "minCount": 1,
        "maxCount": 1
      },
	  {
        "type": "friendsandfoes:rascal_spawn_egg",
        "weight": 2,
        "minCount": 1,
        "maxCount": 1
      }
    ],
    "axolotls": [],
    "underground_water_creature": [
      {
        "type": "minecraft:glow_squid",
        "weight": 10,
        "minCount": 4,
        "maxCount": 6
      }
    ],
    "water_creature": [],
    "water_ambient": [],
    "misc": []
  },
  "spawn_costs": {},
  "carvers": {
    "air": [
      "minecraft:cave",
      "minecraft:cave_extra_underground",
      "minecraft:canyon"
    ]
  },
  "features": [
    [
      "minecraft:lake_lava_underground",
      "minecraft:amethyst_geode",
      "minecraft:monster_room",
      "minecraft:monster_room_deep",
      "minecraft:ore_dirt",
      "minecraft:ore_gravel",
      "minecraft:ore_granite_upper",
      "minecraft:ore_granite_lower",
      "minecraft:ore_diorite_upper",
      "minecraft:ore_diorite_lower",
      "minecraft:ore_andesite_upper",
      "minecraft:ore_andesite_lower",
      "minecraft:ore_tuff",
      "minecraft:ore_coal_upper",
      "minecraft:ore_coal_lower",
      "minecraft:ore_iron_upper",
      "minecraft:ore_iron_middle",
      "minecraft:ore_iron_small",
      "minecraft:ore_gold",
      "minecraft:ore_gold_lower",
      "minecraft:ore_redstone",
      "minecraft:ore_redstone_lower",
      "minecraft:ore_diamond",
      "minecraft:ore_diamond_large",
      "minecraft:ore_diamond_buried",
      "minecraft:ore_lapis",
      "minecraft:ore_lapis_buried",
      "minecraft:ore_copper",
      "minecraft:underwater_magma",
      "minecraft:disk_sand",
      "minecraft:disk_clay",
      "minecraft:disk_gravel",
      "minecraft:glow_lichen",
      "minecraft:ore_emerald",
	  "mining:bone_fossil",
	  "mining:experience_ore",
	  "mining:fish_fossil",
	  "mining:rib_fossil",
	  "mining:ruby_ore",
	  "mining:sapphire_ore",
	  "mining:shell_fossil",
	  "mining:skull_fossil",
	  "mining:topaz_ore",
	  "mining:geode_ruby",
	  "mining:geode_ores",
	  "mining:geode_nether",
	  "mining:geode_sand",
	  "mining:geode_oil",
	  "immersiveengineering:bauxite",
	  "immersiveengineering:lead",
	  "immersiveengineering:silver",
	  "immersiveengineering:nickel",
	  "immersiveengineering:uranium",
	  "railcraft:sulfur_ore_lower",
	  "railcraft:tin_ore_large",
	  "railcraft:zinc_ore"
    ]
  ]
}
