{
  "armorSetName": "farmer",
  "performanceMode": true,
  "head": {
    "itemKey": "cosmeticarmoursmod:straw_hat_helmet",
    "mustBeEmpty": false
  },
  "chest": {
    "itemKey": "cosmeticarmoursmod:farmer_attire_chestplate",
    "mustBeEmpty": false
  },
  "legs": {
    "itemKey": "cosmeticarmoursmod:farmer_attire_leggings",
    "mustBeEmpty": false
  },
  "boots": {
    "itemKey": "cosmeticarmoursmod:farmer_attire_boots",
    "mustBeEmpty": false
  },
  "fullSetBonuses": [
    {
      "type": "attribute",
      "name": "forge:reach_distance",
      "value": 4.0,
      "modifierUUID": "42224426-8ebc-11ee-b9d1-0242ac120002",
      "description": "Increased Reach Distance",
      "attributeOperation": 0,
      "interactionType": "self",
      "interactionDuration": 300,
      "hideBonusDescription": false,
      "onlyImmuneToNewEffects": false
    },
	{
      "type": "attribute",
      "name": "minecraft:generic.movement_speed",
      "value": 0.04,
      "modifierUUID": "3eb7665e-8ebc-11ee-b9d1-0242ac120002",
      "description": "Increased Movement Speed",
      "interactionType": "self",
      "interactionDuration": 300,
      "hideBonusDescription": false,
      "onlyImmuneToNewEffects": false
    }
  ],
  "hideGeneratedTooltip": false
}