{
  "armorSetName": "fisherman",
  "performanceMode": true,
  "head": {
    "itemKey": "cosmeticarmoursmod:fishermans_bucket_hat_helmet",
    "mustBeEmpty": false
  },
  "chest": {
    "itemKey": "cosmeticarmoursmod:fishermans_attire_chestplate",
    "mustBeEmpty": false
  },
  "legs": {
    "itemKey": "cosmeticarmoursmod:fishermans_attire_leggings",
    "mustBeEmpty": false
  },
  "boots": {
    "itemKey": "cosmeticarmoursmod:fishermans_attire_leggings",
    "mustBeEmpty": false
  },
  "fullSetBonuses": [
	{
      "type": "attribute",
      "name": "minecraft:generic.luck",
      "value": 1.0,
      "modifierUUID": "388c459c-8ebc-11ee-b9d1-0242ac120002",
      "description": "Increased Luck",
      "interactionType": "self",
      "interactionDuration": 300,
      "hideBonusDescription": false,
      "onlyImmuneToNewEffects": false
    }
  ],
  "hideGeneratedTooltip": false
}