{
  "armorSetName": "gold",
  "performanceMode": true,
  "head": {
    "itemKey": "minecraft:golden_helmet",
    "mustBeEmpty": false
  },
  "chest": {
    "itemKey": "minecraft:golden_chestplate",
    "mustBeEmpty": false
  },
  "legs": {
    "itemKey": "minecraft:golden_leggings",
    "mustBeEmpty": false
  },
  "boots": {
    "itemKey": "minecraft:golden_boots",
    "mustBeEmpty": false
  },
  "fullSetBonuses": [
    {
      "type": "effect",
      "name": "minecraft:haste",
      "value": 1.0,
      "interactionType": "self",
      "interactionDuration": 300,
      "hideBonusDescription": false,
      "onlyImmuneToNewEffects": false
    }
  ],
  "hideGeneratedTooltip": false
}