{
  "type": "railcraft:crusher",
  "ingredient": {
    "tag": "forge:ores/coal"
  },
  "output": [
    {
      "probability": 1.0,
      "result": {
        "count": 2,
        "item": "railcraft:coal_dust"
      }
    },
    {
      "probability": 0.65,
      "result": {
        "count": 1,
        "item": "railcraft:coal_dust"
      }
    },
    {
      "probability": 0.15,
      "result": {
        "count": 1,
        "item": "minecraft:coal"
      }
    },
    {
      "probability": 5.0E-5,
      "result": {
        "count": 1,
        "item": "minecraft:diamond"
      }
    }
  ],
  "processTime": 200
}