{
  "feature": "mining:ore_geode",
  "placement": [
    {
      "type": "minecraft:count",
      "count": 1
    },
    {
      "type": "minecraft:rarity_filter",
      "chance": 25
    },
    {
      "type": "minecraft:in_square"
    },
    {
      "type": "minecraft:height_range",
      "height": {
        "type": "minecraft:uniform",
        "max_inclusive": {
          "absolute": 200
        },
        "min_inclusive": {
          "above_bottom": -60
        }
      }
    },
    {
      "type": "minecraft:biome"
    }
  ]
}
