{
  "type": "forge:conditional",
  "recipes": [
    {
      "conditions": [
        {
          "type": "forge:and",
          "values": [
            {
              "type": "forge:item_exists",
              "item": "functionalstorage:acacia_1"
            }
          ]
        }
      ],
      "recipe": {
        "type": "minecraft:crafting_shaped",
        "category": "misc",
        "key": {
          "C": {
            "tag": "forge:chests/wooden"
          },
          "P": {
            "item": "minecraft:acacia_planks"
          },
          "S": {
            "item": "kubejs:screw"
          }
        },
        "pattern": [
          "SPS",
          "PCP",
          "SPS"
        ],
        "result": {
          "item": "functionalstorage:acacia_1"
        },
        "show_notification": true
      }
    }
  ]
}