{
	"credit": "Made with Blockbench",
	"textures": {
		"0": "buildinggadgets:items/gadget_copy_paste",
		"1": "buildinggadgets:items/gadget_copy_paste_back"
	},
	"elements": [
		{
			"from": [3, 0, 7.5],
			"to": [13, 16, 8.5],
			"faces": {
				"north": {"uv": [13, 0, 3, 16], "texture": "#1"},
				"east": {"uv": [12, 0, 13, 16], "texture": "#0"},
				"south": {"uv": [3, 0, 13, 16], "texture": "#0"},
				"west": {"uv": [3, 0, 4, 16], "texture": "#0"},
				"up": {"uv": [3, 0, 13, 1], "texture": "#0"},
				"down": {"uv": [3, 15, 13, 16], "texture": "#0"}
			}
		},
		{
			"from": [4, 15, 7.5],
			"to": [5, 16, 8.5],
			"rotation": {"angle": 0, "axis": "y", "origin": [8, 0, 8]},
			"faces": {
				"north": {"uv": [4, 0, 5, 1], "rotation": 180, "texture": "#0"},
				"east": {"uv": [4, 0, 5, 1], "rotation": 180, "texture": "#0"},
				"west": {"uv": [4, 0, 5, 1], "rotation": 180, "texture": "#0"},
				"down": {"uv": [4, 0, 5, 1], "rotation": 180, "texture": "#0"}
			}
		},
		{
			"from": [3, 15, 7.5],
			"to": [4, 15, 8.5],
			"rotation": {"angle": 0, "axis": "y", "origin": [8, 0, 8]},
			"faces": {
				"north": {"uv": [0, 0, 1, 1], "rotation": 180, "texture": "#missing"},
				"east": {"uv": [0, 0, 1, 1], "rotation": 180, "texture": "#missing"},
				"south": {"uv": [0, 0, 1, 1], "rotation": 180, "texture": "#missing"},
				"west": {"uv": [14, 1, 15, 2], "rotation": 180, "texture": "#missing"},
				"up": {"uv": [3, 1, 4, 2], "texture": "#0"},
				"down": {"uv": [4, 0, 5, 1], "texture": "#missing"}
			}
		},
		{
			"from": [11, 15, 7.5],
			"to": [12, 16, 8.5],
			"rotation": {"angle": 0, "axis": "y", "origin": [8, 0, 8]},
			"faces": {
				"north": {"uv": [12, 0, 11, 1], "rotation": 180, "texture": "#0"},
				"east": {"uv": [12, 0, 11, 1], "rotation": 180, "texture": "#0"},
				"west": {"uv": [12, 0, 11, 1], "rotation": 180, "texture": "#0"},
				"down": {"uv": [12, 0, 11, 1], "rotation": 180, "texture": "#0"}
			}
		},
		{
			"from": [12, 15, 7.5],
			"to": [13, 15, 8.5],
			"rotation": {"angle": 0, "axis": "y", "origin": [8, 0, 8]},
			"faces": {
				"north": {"uv": [1, 0, 0, 1], "rotation": 180, "texture": "#missing"},
				"east": {"uv": [15, 1, 14, 2], "rotation": 180, "texture": "#missing"},
				"south": {"uv": [1, 0, 0, 1], "rotation": 180, "texture": "#missing"},
				"west": {"uv": [1, 0, 0, 1], "rotation": 180, "texture": "#missing"},
				"up": {"uv": [13, 1, 12, 2], "texture": "#0"},
				"down": {"uv": [5, 0, 4, 1], "texture": "#missing"}
			}
		},
		{
			"from": [4, 0, 7.5],
			"to": [4, 1, 8.5],
			"rotation": {"angle": 0, "axis": "y", "origin": [8, 16, 8]},
			"faces": {
				"north": {"uv": [4, 15, 5, 16], "rotation": 180, "texture": "#0"},
				"east": {"uv": [4, 15, 5, 16], "rotation": 180, "texture": "#0"},
				"south": {"uv": [4, 15, 5, 16], "rotation": 180, "texture": "#0"},
				"west": {"uv": [4, 15, 5, 16], "rotation": 180, "texture": "#0"},
				"up": {"uv": [4, 15, 5, 16], "rotation": 180, "texture": "#0"},
				"down": {"uv": [4, 15, 5, 16], "rotation": 180, "texture": "#0"}
			}
		},
		{
			"from": [3, 1, 7.5],
			"to": [4, 1, 8.5],
			"rotation": {"angle": 0, "axis": "y", "origin": [8, 16, 8]},
			"faces": {
				"north": {"uv": [3, 14, 4, 15], "texture": "#0"},
				"east": {"uv": [3, 14, 4, 15], "texture": "#0"},
				"south": {"uv": [3, 14, 4, 15], "texture": "#0"},
				"west": {"uv": [3, 14, 4, 15], "texture": "#0"},
				"up": {"uv": [3, 14, 4, 15], "texture": "#0"},
				"down": {"uv": [3, 14, 4, 15], "texture": "#0"}
			}
		},
		{
			"from": [12, 0, 7.5],
			"to": [12, 1, 8.5],
			"rotation": {"angle": 0, "axis": "y", "origin": [8, 16, 8]},
			"faces": {
				"north": {"uv": [12, 15, 11, 16], "rotation": 180, "texture": "#0"},
				"east": {"uv": [12, 15, 11, 16], "rotation": 180, "texture": "#0"},
				"south": {"uv": [12, 15, 11, 16], "rotation": 180, "texture": "#0"},
				"west": {"uv": [12, 15, 11, 16], "rotation": 180, "texture": "#0"},
				"up": {"uv": [12, 15, 11, 16], "rotation": 180, "texture": "#0"},
				"down": {"uv": [12, 15, 11, 16], "rotation": 180, "texture": "#0"}
			}
		},
		{
			"from": [12, 1, 7.5],
			"to": [13, 1, 8.5],
			"rotation": {"angle": 0, "axis": "y", "origin": [8, 16, 8]},
			"faces": {
				"north": {"uv": [13, 14, 12, 15], "texture": "#0"},
				"east": {"uv": [13, 14, 12, 15], "texture": "#0"},
				"south": {"uv": [13, 14, 12, 15], "texture": "#0"},
				"west": {"uv": [13, 14, 12, 15], "texture": "#0"},
				"up": {"uv": [13, 14, 12, 15], "texture": "#0"},
				"down": {"uv": [13, 14, 12, 15], "texture": "#0"}
			}
		},
		{
			"from": [7, 0, 7.5],
			"to": [7, 1, 8.5],
			"rotation": {"angle": 0, "axis": "y", "origin": [8, 16, 8]},
			"faces": {
				"north": {"uv": [7, 15, 6, 16], "rotation": 180, "texture": "#0"},
				"east": {"uv": [7, 15, 6, 16], "rotation": 180, "texture": "#0"},
				"south": {"uv": [7, 15, 6, 16], "rotation": 180, "texture": "#0"},
				"west": {"uv": [7, 15, 6, 16], "rotation": 180, "texture": "#0"},
				"up": {"uv": [7, 15, 6, 16], "rotation": 180, "texture": "#0"},
				"down": {"uv": [7, 15, 6, 16], "rotation": 180, "texture": "#0"}
			}
		},
		{
			"from": [7, 1, 7.5],
			"to": [8, 1, 8.5],
			"rotation": {"angle": 0, "axis": "y", "origin": [8, 16, 8]},
			"faces": {
				"north": {"uv": [8, 14, 7, 15], "texture": "#0"},
				"east": {"uv": [8, 14, 7, 15], "texture": "#0"},
				"south": {"uv": [8, 14, 7, 15], "texture": "#0"},
				"west": {"uv": [8, 14, 7, 15], "texture": "#0"},
				"up": {"uv": [8, 14, 7, 15], "texture": "#0"},
				"down": {"uv": [8, 14, 7, 15], "texture": "#0"}
			}
		},
		{
			"from": [10, 0, 7.5],
			"to": [10, 1, 8.5],
			"rotation": {"angle": 0, "axis": "y", "origin": [8, 16, 8]},
			"faces": {
				"north": {"uv": [10, 15, 11, 16], "rotation": 180, "texture": "#0"},
				"east": {"uv": [10, 15, 11, 16], "rotation": 180, "texture": "#0"},
				"south": {"uv": [10, 15, 11, 16], "rotation": 180, "texture": "#0"},
				"west": {"uv": [10, 15, 11, 16], "rotation": 180, "texture": "#0"},
				"up": {"uv": [10, 15, 11, 16], "rotation": 180, "texture": "#0"},
				"down": {"uv": [10, 15, 11, 16], "rotation": 180, "texture": "#0"}
			}
		},
		{
			"from": [9, 1, 7.5],
			"to": [10, 1, 8.5],
			"rotation": {"angle": 0, "axis": "y", "origin": [8, 16, 8]},
			"faces": {
				"north": {"uv": [9, 14, 10, 15], "texture": "#0"},
				"east": {"uv": [9, 14, 10, 15], "texture": "#0"},
				"south": {"uv": [9, 14, 10, 15], "texture": "#0"},
				"west": {"uv": [9, 14, 10, 15], "texture": "#0"},
				"up": {"uv": [9, 14, 10, 15], "texture": "#0"},
				"down": {"uv": [9, 14, 10, 15], "texture": "#0"}
			}
		},
		{
			"from": [8, 1, 7.5],
			"to": [9, 1, 8.5],
			"rotation": {"angle": 0, "axis": "y", "origin": [8, 16, 8]},
			"faces": {
				"north": {"uv": [8, 14, 9, 15], "texture": "#0"},
				"east": {"uv": [8, 14, 9, 15], "texture": "#0"},
				"south": {"uv": [8, 14, 9, 15], "texture": "#0"},
				"west": {"uv": [8, 14, 9, 15], "texture": "#0"},
				"up": {"uv": [8, 14, 9, 15], "texture": "#0"},
				"down": {"uv": [8, 14, 9, 15], "texture": "#0"}
			}
		},
		{
			"from": [12, 7, 7.5],
			"to": [13, 7, 8.5],
			"rotation": {"angle": 0, "axis": "y", "origin": [8, 0, 8]},
			"faces": {
				"north": {"uv": [13, 9, 12, 10], "rotation": 180, "texture": "#0"},
				"east": {"uv": [13, 9, 12, 10], "rotation": 180, "texture": "#0"},
				"south": {"uv": [13, 9, 12, 10], "rotation": 180, "texture": "#0"},
				"west": {"uv": [13, 9, 12, 10], "rotation": 180, "texture": "#0"},
				"up": {"uv": [13, 9, 12, 10], "rotation": 180, "texture": "#0"},
				"down": {"uv": [13, 9, 12, 10], "rotation": 180, "texture": "#0"}
			}
		},
		{
			"from": [12, 8, 7.5],
			"to": [13, 8, 8.5],
			"rotation": {"angle": 0, "axis": "y", "origin": [8, 0, 8]},
			"faces": {
				"north": {"uv": [1, 0, 0, 1], "rotation": 180, "texture": "#missing"},
				"east": {"uv": [15, 1, 14, 2], "rotation": 180, "texture": "#missing"},
				"south": {"uv": [1, 0, 0, 1], "rotation": 180, "texture": "#missing"},
				"west": {"uv": [1, 0, 0, 1], "rotation": 180, "texture": "#missing"},
				"up": {"uv": [13, 1, 12, 2], "texture": "#0"},
				"down": {"uv": [13, 7, 12, 8], "texture": "#0"}
			}
		},
		{
			"from": [11, 7, 7.5],
			"to": [12, 8, 8.5],
			"rotation": {"angle": 0, "axis": "y", "origin": [8, 0, 8]},
			"faces": {
				"north": {"uv": [12, 8, 11, 9], "texture": "#0"},
				"east": {"uv": [12, 8, 11, 9], "texture": "#0"},
				"south": {"uv": [12, 8, 11, 9], "texture": "#0"},
				"west": {"uv": [12, 8, 11, 9], "texture": "#0"},
				"up": {"uv": [12, 8, 11, 9], "texture": "#0"},
				"down": {"uv": [12, 8, 11, 9], "texture": "#0"}
			}
		},
		{
			"from": [4, 7, 7.5],
			"to": [4, 8, 8.5],
			"rotation": {"angle": 0, "axis": "y", "origin": [8, 0, 8]},
			"faces": {
				"north": {"uv": [11, 8, 12, 9], "texture": "#0"},
				"east": {"uv": [11, 8, 12, 9], "texture": "#0"},
				"south": {"uv": [4, 8, 5, 9], "texture": "#0"},
				"west": {"uv": [11, 8, 12, 9], "texture": "#0"},
				"up": {"uv": [11, 8, 12, 9], "texture": "#0"},
				"down": {"uv": [11, 8, 12, 9], "texture": "#0"}
			}
		},
		{
			"from": [3, 8, 7.5],
			"to": [4, 8, 8.5],
			"rotation": {"angle": 0, "axis": "y", "origin": [8, 0, 8]},
			"faces": {
				"north": {"uv": [3, 7, 4, 8], "rotation": 180, "texture": "#0"},
				"east": {"uv": [3, 7, 4, 8], "rotation": 180, "texture": "#0"},
				"south": {"uv": [3, 7, 4, 8], "rotation": 180, "texture": "#0"},
				"west": {"uv": [3, 7, 4, 8], "rotation": 180, "texture": "#0"},
				"up": {"uv": [3, 7, 4, 8], "rotation": 180, "texture": "#0"},
				"down": {"uv": [3, 7, 4, 8], "rotation": 180, "texture": "#0"}
			}
		},
		{
			"from": [3, 7, 7.5],
			"to": [4, 7, 8.5],
			"rotation": {"angle": 0, "axis": "y", "origin": [8, 0, 8]},
			"faces": {
				"north": {"uv": [3, 9, 4, 10], "rotation": 180, "texture": "#0"},
				"east": {"uv": [3, 9, 4, 10], "rotation": 180, "texture": "#0"},
				"south": {"uv": [3, 9, 4, 10], "rotation": 180, "texture": "#0"},
				"west": {"uv": [3, 9, 4, 10], "rotation": 180, "texture": "#0"},
				"up": {"uv": [3, 9, 4, 10], "rotation": 180, "texture": "#0"},
				"down": {"uv": [3, 9, 4, 10], "rotation": 180, "texture": "#0"}
			}
		},
		{
			"from": [5, 9, 8],
			"to": [6, 14, 9.1],
			"faces": {
				"north": {"uv": [10, 2, 11, 7], "texture": "#0"},
				"east": {"uv": [10, 2, 11, 7], "texture": "#0"},
				"south": {"uv": [10, 2, 11, 7], "texture": "#0"},
				"west": {"uv": [10, 2, 11, 7], "texture": "#0"},
				"up": {"uv": [10, 2, 11, 3], "texture": "#0"},
				"down": {"uv": [10, 6, 11, 7], "texture": "#0"}
			}
		},
		{
			"from": [10, 9, 8],
			"to": [11, 14, 9.1],
			"faces": {
				"north": {"uv": [5, 2, 6, 7], "texture": "#0"},
				"east": {"uv": [5, 2, 6, 7], "texture": "#0"},
				"south": {"uv": [5, 2, 6, 7], "texture": "#0"},
				"west": {"uv": [5, 2, 6, 7], "texture": "#0"},
				"up": {"uv": [5, 2, 6, 3], "texture": "#0"},
				"down": {"uv": [5, 6, 6, 7], "texture": "#0"}
			}
		},
		{
			"from": [6, 9, 8],
			"to": [10, 10, 9.1],
			"faces": {
				"north": {"uv": [6, 6, 10, 7], "texture": "#0"},
				"east": {"uv": [6, 6, 10, 7], "texture": "#0"},
				"south": {"uv": [6, 6, 10, 7], "texture": "#0"},
				"west": {"uv": [6, 6, 10, 7], "texture": "#0"},
				"up": {"uv": [6, 6, 10, 7], "texture": "#0"},
				"down": {"uv": [6, 6, 10, 7], "texture": "#0"}
			}
		},
		{
			"from": [6, 13, 8],
			"to": [10, 14, 9.1],
			"faces": {
				"north": {"uv": [6, 2, 10, 3], "texture": "#0"},
				"east": {"uv": [6, 2, 10, 3], "texture": "#0"},
				"south": {"uv": [6, 2, 10, 3], "texture": "#0"},
				"west": {"uv": [6, 2, 10, 3], "texture": "#0"},
				"up": {"uv": [6, 2, 10, 3], "texture": "#0"},
				"down": {"uv": [6, 2, 10, 3], "texture": "#0"}
			}
		},
		{
			"from": [6, 10, 7.8],
			"to": [10, 13, 8.8],
			"faces": {
				"north": {"uv": [6, 3, 10, 6], "texture": "#0"},
				"east": {"uv": [6, 3, 10, 6], "texture": "#0"},
				"south": {"uv": [6, 3, 10, 6], "texture": "#0"},
				"west": {"uv": [6, 3, 10, 6], "texture": "#0"},
				"up": {"uv": [6, 3, 10, 6], "texture": "#0"},
				"down": {"uv": [6, 3, 10, 6], "texture": "#0"}
			}
		},
		{
			"from": [9, 10, 8],
			"to": [10, 11, 9],
			"rotation": {"angle": 0, "axis": "y", "origin": [8, 0, 8]},
			"faces": {
				"north": {"uv": [9, 5, 10, 6], "rotation": 90, "texture": "#0"},
				"east": {"uv": [9, 5, 10, 6], "rotation": 90, "texture": "#0"},
				"south": {"uv": [9, 5, 10, 6], "rotation": 90, "texture": "#0"},
				"west": {"uv": [9, 5, 10, 6], "rotation": 90, "texture": "#0"},
				"up": {"uv": [9, 5, 10, 6], "rotation": 90, "texture": "#0"},
				"down": {"uv": [9, 5, 10, 6], "rotation": 90, "texture": "#0"}
			}
		},
		{
			"from": [8, 11, 8],
			"to": [9, 12, 9],
			"rotation": {"angle": 0, "axis": "y", "origin": [8, 0, 8]},
			"faces": {
				"north": {"uv": [8, 4, 9, 5], "rotation": 90, "texture": "#0"},
				"east": {"uv": [8, 4, 9, 5], "rotation": 90, "texture": "#0"},
				"south": {"uv": [8, 4, 9, 5], "rotation": 90, "texture": "#0"},
				"west": {"uv": [8, 4, 9, 5], "rotation": 90, "texture": "#0"},
				"up": {"uv": [8, 4, 9, 5], "rotation": 90, "texture": "#0"},
				"down": {"uv": [8, 4, 9, 5], "rotation": 90, "texture": "#0"}
			}
		},
		{
			"from": [7, 12, 8],
			"to": [8, 13, 9],
			"rotation": {"angle": 0, "axis": "y", "origin": [8, 0, 8]},
			"faces": {
				"north": {"uv": [7, 3, 8, 4], "rotation": 90, "texture": "#0"},
				"east": {"uv": [7, 3, 8, 4], "rotation": 90, "texture": "#0"},
				"south": {"uv": [7, 3, 8, 4], "rotation": 90, "texture": "#0"},
				"west": {"uv": [7, 3, 8, 4], "rotation": 90, "texture": "#0"},
				"up": {"uv": [7, 3, 8, 4], "rotation": 90, "texture": "#0"},
				"down": {"uv": [7, 3, 8, 4], "rotation": 90, "texture": "#0"}
			}
		},
		{
			"from": [6, 12, 8],
			"to": [7, 13, 9],
			"rotation": {"angle": 0, "axis": "y", "origin": [8, 0, 8]},
			"faces": {
				"north": {"uv": [6, 3, 7, 4], "rotation": 90, "texture": "#0"},
				"east": {"uv": [6, 3, 7, 4], "rotation": 90, "texture": "#0"},
				"south": {"uv": [6, 3, 7, 4], "rotation": 90, "texture": "#0"},
				"west": {"uv": [6, 3, 7, 4], "rotation": 90, "texture": "#0"},
				"up": {"uv": [6, 3, 7, 4], "rotation": 90, "texture": "#0"},
				"down": {"uv": [6, 3, 7, 4], "rotation": 90, "texture": "#0"}
			}
		},
		{
			"from": [5, 3, 8],
			"to": [8, 6, 9],
			"faces": {
				"north": {"uv": [5, 10, 8, 13], "texture": "#0"},
				"east": {"uv": [7, 10, 8, 13], "texture": "#0"},
				"south": {"uv": [5, 10, 8, 13], "texture": "#0"},
				"west": {"uv": [5, 10, 6, 13], "texture": "#0"},
				"up": {"uv": [5, 10, 8, 11], "texture": "#0"},
				"down": {"uv": [5, 12, 8, 13], "texture": "#0"}
			}
		},
		{
			"from": [9, 4, 8],
			"to": [11, 6, 9],
			"faces": {
				"north": {"uv": [9, 10, 11, 12], "texture": "#0"},
				"east": {"uv": [10, 10, 11, 12], "texture": "#0"},
				"south": {"uv": [9, 10, 11, 12], "texture": "#0"},
				"west": {"uv": [9, 10, 10, 12], "texture": "#0"},
				"up": {"uv": [9, 10, 11, 11], "texture": "#0"},
				"down": {"uv": [9, 11, 11, 12], "texture": "#0"}
			}
		}
	],
	"gui_light": "front",
	"display": {
		"thirdperson_righthand": {
			"rotation": [-180, -180, -180],
			"translation": [0, 3.25, 0.75],
			"scale": [0.5, 0.5, 0.5]
		},
		"thirdperson_lefthand": {
			"rotation": [-180, -180, -180],
			"translation": [0, 3.25, 0.75],
			"scale": [0.5, 0.5, 0.5]
		},
		"firstperson_righthand": {
			"rotation": [161, -180, -180],
			"translation": [11.25, 0.25, -9.5],
			"scale": [0.8, 0.8, 0.8]
		},
		"firstperson_lefthand": {
			"rotation": [161, -180, -180],
			"translation": [11.25, 0.25, -9.5],
			"scale": [0.8, 0.8, 0.8]
		},
		"ground": {
			"translation": [0, 2.5, 0],
			"scale": [0.5, 0.5, 0.5]
		},
		"gui": {
			"rotation": [-180, -180, -180]
		},
		"fixed": {
			"rotation": [0, -180, 0],
			"translation": [0, 0, -0.5]
		}
	},
	"groups": [
		{
			"name": "plate",
			"origin": [0, 0, 0],
			"color": 0,
			"nbt": "{}",
			"children": [
				0,
				{
					"name": "edges",
					"origin": [0, 0, 0],
					"color": 0,
					"nbt": "{}",
					"children": [1, 2, 3, 4, 5, 6, 7, 8, 9, 10, 11, 12, 13, 14, 15, 16, 17, 18, 19]
				}
			]
		},
		{
			"name": "Display",
			"origin": [0, 0, 0],
			"color": 0,
			"nbt": "{}",
			"children": [
				{
					"name": "edges",
					"origin": [0, 0, 0],
					"color": 0,
					"nbt": "{}",
					"children": [20, 21, 22, 23]
				},
				{
					"name": "Display",
					"origin": [0, 0, 0],
					"color": 0,
					"nbt": "{}",
					"children": [24]
				},
				25,
				26,
				27,
				28
			]
		},
		{
			"name": "Buttons",
			"origin": [8, 8, 8],
			"color": 0,
			"nbt": "{}",
			"children": [29, 30]
		}
	]
}