{
  "type": "minecraft:geode",
  "config": {
    "blocks": {
      "filling_provider": {
        "type": "minecraft:weighted_state_provider",
			"entries": [
			{
            "weight": 1,
            "data": {
              "Name": "minecraft:ancient_debris"
            }
			},
			{
            "weight": 1,
            "data": {
              "Name": "minecraft:quartz_block"
            }
			},
			{
            "weight": 6,
            "data": {
              "Name": "minecraft:glowstone"
            }
			},
			{
            "weight": 8,
            "data": {
              "Name": "minecraft:nether_gold_ore"
            }
			},
			{
            "weight": 4,
            "data": {
              "Name": "gems:nether_experience_ore"
            }
			}
        ]
      },
      "inner_layer_provider": {
        "type": "minecraft:simple_state_provider",
        "state": {
          "Name": "minecraft:air"
        }
      },
      "alternate_inner_layer_provider": {
        "type": "minecraft:weighted_state_provider",
        "entries": [
          {
            "weight": 1,
            "data": {
              "Name": "minecraft:air"
            }
          }
        ]
      },
		"middle_layer_provider": {
        "type": "minecraft:weighted_state_provider",
        "entries": [
          {
            "weight": 12,
            "data": {
              "Name": "minecraft:netherrack"
            }
          },
		  {
            "weight": 12,
            "data": {
              "Name": "minecraft:netherrack"
            }
          },
			{
            "weight": 2,
            "data": {
              "Name": "minecraft:magma_block"
            }
          },
          {
            "weight": 8,
            "data": {
              "Name": "minecraft:nether_quartz_ore"
            }
          },
          {
            "weight": 1,
            "data": {
              "Name": "gems:nether_bone_fossil"
            }
          },
          {
            "weight": 1,
            "data": {
              "Name": "gems:nether_skull_fossil"
            }
          },
          {
            "weight": 6,
            "data": {
              "Name": "minecraft:soul_sand"
            }
          },
          {
            "weight": 1,
            "data": {
              "Name": "minecraft:nether_gold_ore"
            }
          },
          {
            "weight": 1,
            "data": {
              "Name": "gems:nether_experience_ore"
            }
          },
          {
            "weight": 1,
            "data": {
              "Name": "minecraft:glowstone"
            }
          }
        ]
      },
      "outer_layer_provider": {
        "type": "minecraft:simple_state_provider",
        "state": {
          "Name": "minecraft:smooth_basalt"
        }
      },
      "inner_placements": [
        {
          "Name": "minecraft:air",
          "Properties": {
            "facing": "up",
            "waterlogged": "false"
          }
        }
      ],
      "cannot_replace": "#minecraft:features_cannot_replace",
      "invalid_blocks": "#minecraft:geode_invalid_blocks"
    },
    "layers": {
      "filling": 0.4,
      "inner_layer": 4.0,
      "middle_layer": 6.0,
      "outer_layer": 11.0
    },
    "crack": {
      "generate_crack_chance": 0.5,
      "base_crack_size": 3,
      "crack_point_offset": 2
    },
    "noise_multiplier": 0.05,
    "use_potential_placements_chance": 0.35,
    "use_alternate_layer0_chance": 0.5,
    "placements_require_layer0_alternate": true,
    "outer_wall_distance": {
      "type": "minecraft:uniform",
      "value": {
        "min_inclusive": 4,
        "max_inclusive": 6
      }
    },
    "distribution_points": {
      "type": "minecraft:uniform",
      "value": {
        "min_inclusive": 3,
        "max_inclusive": 4
      }
    },
    "point_offset": {
      "type": "minecraft:uniform",
      "value": {
        "min_inclusive": 1,
        "max_inclusive": 2
      }
    },
    "min_gen_offset": -16,
    "max_gen_offset": 16,
    "invalid_blocks_threshold": 1
  }
}
