{
  "type": "minecraft:geode",
  "config": {
    "blocks": {
      "filling_provider": {
        "type": "minecraft:weighted_state_provider",
			"entries": [
			{
            "weight": 1,
            "data": {
              "Name": "pneumaticcraft:oil"
            }
			}
        ]
      },
      "inner_layer_provider": {
        "type": "minecraft:simple_state_provider",
        "state": {
          "Name": "pneumaticcraft:oil"
        }
      },
      "alternate_inner_layer_provider": {
        "type": "minecraft:weighted_state_provider",
        "entries": [
          {
            "weight": 1,
            "data": {
              "Name": "pneumaticcraft:oil"
            }
          }
        ]
      },
		"middle_layer_provider": {
        "type": "minecraft:weighted_state_provider",
        "entries": [
          {
            "weight": 16,
            "data": {
              "Name": "minecraft:mud"
            }
          }
        ]
      },
      "outer_layer_provider": {
        "type": "minecraft:simple_state_provider",
        "state": {
          "Name": "minecraft:mud"
        }
      },
      "inner_placements": [
        {
          "Name": "pneumaticcraft:oil",
          "Properties": {
            "facing": "up",
            "waterlogged": "false"
          }
        }
      ],
      "cannot_replace": "#minecraft:features_cannot_replace",
      "invalid_blocks": "#minecraft:geode_invalid_blocks"
    },
    "layers": {
      "filling": 0.5,
      "inner_layer": 1.0,
      "middle_layer": 1.0,
      "outer_layer": 2.0
    },
    "crack": {
      "generate_crack_chance": 0.0,
      "base_crack_size": 4,
      "crack_point_offset": 2
    },
    "noise_multiplier": 0.05,
    "use_potential_placements_chance": 0.35,
    "use_alternate_layer0_chance": 0.5,
    "placements_require_layer0_alternate": true,
    "outer_wall_distance": {
      "type": "minecraft:uniform",
      "value": {
        "min_inclusive": 3,
        "max_inclusive": 4
      }
    },
    "distribution_points": {
      "type": "minecraft:uniform",
      "value": {
        "min_inclusive": 2,
        "max_inclusive": 3
      }
    },
    "point_offset": {
      "type": "minecraft:uniform",
      "value": {
        "min_inclusive": 1,
        "max_inclusive": 2
      }
    },
    "min_gen_offset": -16,
    "max_gen_offset": 16,
    "invalid_blocks_threshold": 1
  }
}
