{
  "type": "minecraft:crafting_shaped",
  "category": "misc",
  "key": {
    "A": {
      "item": "minecraft:repeater"
    },
    "B": {
      "item": "immersiveengineering:wire_copper"
    },
    "D": {
      "item": "immersiveengineering:plate_gold"
    },
    "E": {
      "item": "extendedcrafting:redstone_ingot"
    },
    "F": {
      "item": "immersiveengineering:plate_copper"
    },
    "G": {
      "item": "minecraft:lapis_lazuli"
    }
  },
  "pattern": [
    " AB",
    " DE",
    "FEG"
  ],
  "result": {
    "item": "railcraft:controller_circuit"
  },
  "show_notification": true
}