{
  "type": "minecraft:chest",
  "pools": [
    {
      "bonus_rolls": 0.0,
      "entries": [
        {
          "type": "minecraft:item",
          "name": "railcraft:abyssal_stone"
        },
        {
          "type": "minecraft:item",
          "name": "railcraft:creosote_bottle"
        },
        {
          "type": "minecraft:item",
          "name": "railcraft:sulfur_dust"
        },
        {
          "type": "minecraft:item",
          "name": "railcraft:coal_dust"
        },
        {
          "type": "minecraft:item",
          "name": "railcraft:saltpeter_dust"
        },
        {
          "type": "minecraft:item",
          "name": "railcraft:tin_ingot"
        },
        {
          "type": "minecraft:item",
          "name": "railcraft:quarried_stone"
        },
        {
          "type": "minecraft:tag",
          "expand": true,
          "functions": [
            {
              "add": false,
              "count": {
                "type": "minecraft:uniform",
                "max": 8.0,
                "min": 3.0
              },
              "function": "minecraft:set_count"
            }
          ],
          "name": "railcraft:ingot_chest_loot",
          "weight": 2
        }
      ],
      "name": "railcraft_general",
      "rolls": {
        "type": "minecraft:uniform",
        "max": 1.0,
        "min": 0.0
      }
    }
  ],
  "random_sequence": "railcraft:chests/simple_dungeon"
}